Wall time,Step,Value
1512921410.7697465,501,0.7656410336494446
1512923814.79941,1001,0.7854700684547424
1512926257.5597467,1501,0.817264974117279
1512928256.325808,2001,0.8087179660797119
1512930211.6146305,2501,0.798974335193634
