Wall time,Step,Value
1513197138.8156657,500,0.8276068568229675
1513197636.1792636,1000,0.8393162488937378
1513198274.3318512,1500,0.8458974361419678
1513198667.549574,2000,0.8490598201751709
1513199483.8417928,2500,0.8428205251693726
1513199877.3321257,3000,0.8632478713989258
1513200263.655009,3500,0.5270940065383911
1513200648.4972932,4000,0.8372649550437927
