Wall time,Step,Value
1513259947.7678297,500,0.8405128121376038
1513260325.689947,1000,0.8105128407478333
1513260705.3978522,1500,0.8340170979499817
1513261269.912493,2000,0.8503418564796448
1513264577.2831757,2500,0.8315384387969971
1513265240.280971,3000,0.8654701113700867
1513265855.610324,3500,0.8580341935157776
1513266308.0737212,4000,0.8455555438995361
